age,gender,study_time,failures,school_support,family_support,paid_classes,activities,higher_ed,internet,absences,G1,G2,G3
21,F,3,3,no,yes,yes,no,no,yes,18,18,1,8.501575431336876
18,M,4,1,yes,yes,yes,no,yes,no,7,9,8,9.304253077953827
19,M,2,1,yes,yes,yes,yes,no,yes,6,14,2,6.735148083734009
21,M,4,3,yes,yes,no,yes,yes,no,15,9,17,13.009160278690969
17,M,4,0,no,no,yes,yes,yes,yes,18,15,6,16.96059842723706
22,M,3,0,no,yes,no,yes,yes,no,5,11,14,16.260822127874967
19,F,4,1,no,yes,no,no,no,no,19,17,20,18.81504592476517
19,M,3,0,no,yes,yes,yes,yes,yes,26,0,19,14.235895514646764
21,F,1,3,no,no,yes,no,no,no,20,15,17,11.313138203453963
16,F,1,0,no,yes,no,yes,yes,yes,10,5,2,3.9000230331548797
17,M,3,1,no,yes,no,yes,no,yes,4,2,13,9.682270079129387
21,M,1,3,yes,no,yes,yes,yes,yes,15,1,1,0.0
17,F,2,0,no,no,yes,yes,no,no,6,1,13,8.94185532931438
17,M,4,2,yes,yes,yes,yes,no,no,26,12,10,9.120745922630956
22,M,2,3,yes,yes,no,no,no,yes,4,8,15,7.6713306419335865
19,F,4,3,no,yes,no,yes,no,yes,10,15,7,12.776270286485495
18,F,1,2,no,yes,no,yes,no,no,14,4,6,0.0
22,M,2,2,yes,yes,no,yes,no,no,2,20,10,13.46841764924158
22,F,1,3,yes,no,no,no,yes,no,25,6,2,0.0
17,M,4,2,no,no,yes,no,no,yes,4,12,16,14.945670265746788
20,M,3,1,no,yes,yes,no,no,yes,22,19,13,14.395160439722915
19,M,3,1,yes,yes,no,no,no,yes,20,12,5,6.673526234902681
16,F,2,1,no,no,no,yes,yes,yes,4,6,7,5.534021651407519
22,F,1,3,no,yes,yes,yes,yes,yes,8,9,4,5.994820136898969
18,F,1,2,no,yes,yes,yes,yes,no,14,14,7,3.807909007493097
20,F,2,2,yes,yes,yes,no,no,yes,2,20,1,4.2229152765489
20,F,3,0,yes,yes,yes,yes,yes,no,28,5,14,13.382582054814208
16,M,4,0,yes,yes,no,yes,yes,no,5,4,11,13.428446969655369
22,M,2,2,no,no,yes,no,no,yes,16,1,16,7.053340418408704
18,M,4,2,no,yes,no,no,no,no,25,20,0,11.028895886704513
19,M,3,2,yes,yes,yes,no,yes,yes,20,14,14,14.088405221392314
15,F,1,3,yes,yes,yes,yes,no,no,7,15,13,6.025672800429371
18,M,3,2,yes,no,yes,yes,no,yes,20,18,19,16.388820416565235
16,F,2,0,no,no,no,no,no,yes,24,8,15,14.447749324260009
20,M,1,3,yes,no,no,yes,no,no,10,18,8,4.10942266649041
19,F,2,2,yes,no,yes,no,yes,yes,5,6,0,0.0
18,F,2,0,no,yes,no,no,no,no,7,3,16,12.641616984191833
15,M,3,3,no,no,no,yes,yes,yes,9,2,12,11.905925151205945
15,M,2,2,no,yes,yes,no,yes,yes,23,19,20,14.685290692702369
17,M,3,2,yes,yes,yes,no,yes,yes,28,10,20,14.403864402131912
17,M,1,2,no,no,no,no,yes,no,2,0,4,0.00838313381201894
21,F,3,3,no,no,no,yes,no,no,22,5,9,9.776121683020518
16,M,1,0,yes,no,no,no,no,yes,13,10,5,6.844486134110267
22,M,3,0,no,no,yes,no,no,no,22,0,18,12.826871679970129
18,F,4,1,yes,no,yes,no,yes,yes,13,20,12,19.12172762853841
18,M,4,2,yes,yes,no,no,yes,no,9,6,0,5.8314540756063575
22,M,2,1,no,no,yes,no,yes,no,11,5,19,9.030612597848293
21,M,3,1,no,no,yes,no,no,yes,5,13,14,15.764600759091389
20,M,3,0,no,no,no,no,yes,yes,11,1,13,10.316905584655709
20,M,1,3,no,yes,no,yes,no,yes,22,3,7,0.0
21,F,2,3,no,no,yes,yes,no,yes,13,10,9,10.300096317146373
20,M,3,0,no,yes,yes,no,no,yes,1,14,8,13.042806393554576
17,M,2,3,yes,no,no,yes,no,no,8,17,16,11.988452164594666
18,M,4,1,yes,no,yes,yes,yes,no,9,0,8,9.759056482015552
21,M,3,2,no,yes,yes,no,no,yes,25,2,2,2.627361019259343
18,M,3,0,yes,no,no,yes,yes,yes,16,2,10,11.978867240043845
22,F,2,2,no,yes,no,no,no,yes,16,6,11,7.829157967573448
15,M,3,3,yes,yes,yes,no,yes,no,2,0,9,3.781240336720135
17,F,2,2,yes,yes,yes,no,yes,yes,29,10,16,11.266380675712677
19,F,3,3,yes,no,yes,no,no,yes,18,5,16,8.371379811739995
17,M,1,3,no,no,no,no,no,no,0,19,10,4.991009279782939
21,M,2,1,yes,no,yes,yes,no,no,11,2,3,1.8886654912957543
19,M,3,3,no,yes,yes,no,yes,no,6,18,6,9.840117241925958
15,M,4,1,yes,no,no,yes,no,no,3,1,20,14.034538140143113
21,F,3,1,yes,yes,no,no,no,yes,9,17,13,17.803408038087923
16,M,4,1,yes,no,yes,no,yes,no,12,11,6,12.114083773324086
18,M,4,0,yes,yes,no,no,no,no,1,9,7,11.929593413092835
15,M,1,0,yes,yes,no,yes,yes,yes,9,4,0,3.5156352772878243
18,M,2,3,no,yes,yes,no,no,yes,20,8,3,0.511465356850787
20,M,3,1,no,no,no,no,yes,yes,21,1,11,9.031737518950594
16,M,1,0,yes,yes,no,no,yes,no,24,1,2,3.738333552956551
16,F,3,1,yes,yes,yes,no,no,yes,3,5,12,11.191344615270612
15,F,4,2,yes,yes,no,yes,yes,no,17,9,19,17.90559986103952
16,M,2,2,yes,yes,yes,no,no,no,4,17,5,13.2950342516889
19,M,3,2,no,yes,yes,yes,no,no,18,11,10,11.64279474268257
16,M,3,3,yes,yes,no,no,yes,yes,1,3,3,5.957592655571039
18,F,4,1,no,no,no,yes,no,no,11,20,19,20.0
18,M,3,2,yes,no,no,yes,yes,yes,16,16,15,11.78754830436705
21,F,3,0,no,yes,yes,no,yes,yes,9,14,6,12.861254817550018
18,M,4,2,yes,no,no,no,yes,yes,1,5,10,9.544006935826683
21,M,1,2,yes,no,yes,yes,yes,no,5,15,0,5.185315420522144
18,M,4,2,no,yes,no,no,yes,no,7,16,6,12.743237838953242
19,M,1,3,yes,yes,no,no,yes,no,28,2,11,0.8631353601921323
22,F,2,0,yes,yes,no,no,yes,yes,18,9,6,9.121895632694088
21,F,1,1,yes,no,yes,yes,yes,no,10,4,6,6.19384547931177
17,M,1,0,no,yes,no,no,no,no,24,13,9,6.892550737949867
20,M,2,1,yes,no,no,no,no,no,11,20,15,12.905310888722042
15,F,1,3,yes,yes,yes,no,yes,no,8,12,7,2.005449829916383
18,F,4,3,no,no,yes,yes,no,no,1,5,8,8.85279311097382
16,F,1,3,no,yes,no,no,no,yes,7,11,8,6.481032159229921
22,F,2,3,no,yes,no,yes,no,yes,25,7,1,0.0
18,M,4,1,yes,no,no,no,no,yes,10,4,12,12.688797126957168
16,F,2,2,yes,no,yes,yes,no,yes,27,14,12,8.151558565449632
20,M,2,1,yes,no,yes,no,no,no,20,15,3,10.210805549659968
20,F,3,0,no,no,yes,no,yes,yes,3,0,11,9.926063448857493
20,F,3,3,yes,no,yes,yes,no,no,9,15,16,12.661347878154794
16,F,2,3,yes,no,no,yes,no,yes,20,4,1,1.0973260095958794
18,F,2,0,no,yes,yes,yes,no,yes,19,2,12,11.64843760637969
20,F,2,1,no,no,yes,no,no,yes,15,19,17,19.097263061595566
19,M,3,2,no,yes,yes,no,yes,no,7,14,14,10.530669340237118
21,M,3,2,no,yes,no,no,yes,no,3,12,7,7.494887764010697
16,F,1,0,no,no,no,no,yes,yes,28,15,14,12.742995805109416
16,F,1,2,yes,yes,yes,yes,yes,no,9,10,0,0.3671953033961626
18,M,2,1,no,no,yes,no,no,yes,11,20,19,17.96716754080055
16,F,4,1,yes,no,no,no,yes,yes,28,1,9,12.588234918168675
16,F,4,0,yes,yes,no,no,yes,yes,13,5,11,12.806847375507084
20,M,3,1,no,yes,no,no,yes,no,15,5,4,6.07292546671705
18,F,3,3,no,no,no,no,yes,yes,21,13,8,8.050441956694561
20,F,3,0,no,no,no,no,no,yes,17,10,7,12.008036427926038
21,M,2,1,yes,yes,no,no,yes,yes,20,7,15,11.229674379790383
22,M,4,0,no,yes,no,yes,no,no,21,7,13,10.794365881901662
21,M,1,2,no,yes,no,no,yes,yes,20,0,12,1.8650889622997637
22,F,2,1,no,yes,yes,no,no,no,11,20,20,15.691801302258831
20,M,1,3,no,no,yes,no,no,yes,17,6,12,2.5060213365062274
21,M,1,1,no,no,yes,no,yes,no,29,5,4,0.0
18,M,2,0,yes,no,yes,yes,yes,yes,6,20,15,12.223255069290612
15,M,1,0,yes,no,yes,yes,yes,yes,19,7,10,5.489282948831265
20,M,4,1,yes,yes,yes,yes,yes,no,23,18,4,13.269431598293563
22,M,1,3,no,yes,no,yes,no,no,22,20,12,7.427595613037381
19,F,4,3,no,no,no,yes,no,yes,6,19,10,11.93686183494285
22,F,4,3,no,no,yes,yes,yes,no,8,7,18,14.393029921585681
19,M,4,0,yes,no,yes,no,yes,yes,0,13,2,14.292267329847522
16,M,3,1,no,no,no,yes,no,yes,25,17,14,15.499837306963746
21,M,1,2,no,no,no,yes,yes,yes,5,15,6,6.140240565437317
19,F,2,0,no,no,no,no,no,no,5,8,6,7.086678898133178
22,F,2,3,yes,no,yes,yes,yes,yes,21,14,5,4.226015338686944
16,F,1,1,no,no,no,no,no,no,28,9,2,0.5847012337495641
15,F,3,3,yes,no,yes,no,no,yes,11,15,12,10.29849713644334
18,F,3,2,no,yes,yes,yes,no,no,21,3,6,7.871482579422394
18,F,4,3,yes,no,no,no,no,no,11,19,4,13.508659793549121
18,F,1,3,yes,yes,no,yes,no,yes,9,12,17,7.4104402841890735
19,F,1,2,yes,yes,yes,yes,yes,no,22,4,7,3.9833376640193814
15,F,2,1,no,no,no,no,no,yes,29,6,16,4.988021514277606
19,M,1,0,no,no,no,no,yes,yes,25,8,19,11.134143359203152
21,M,3,1,yes,yes,yes,yes,no,yes,5,7,0,5.687275239733473
19,M,1,2,yes,yes,no,no,no,yes,16,15,13,11.682336628450766
15,M,2,3,no,no,yes,no,yes,yes,18,5,16,8.185866921842836
15,F,4,1,no,yes,yes,yes,yes,no,17,15,9,15.588510845761215
21,F,2,0,yes,no,no,yes,yes,yes,5,5,11,10.784656621997986
15,M,2,2,no,no,yes,no,yes,no,23,13,15,10.990885464664442
22,F,4,1,no,no,yes,yes,no,no,18,20,13,20.0
15,M,2,0,no,yes,no,yes,yes,yes,9,0,15,5.389440904069854
18,F,2,2,no,yes,no,yes,no,no,23,8,7,6.492420817430835
22,M,1,0,yes,no,no,yes,yes,yes,7,12,9,11.459605703279127
22,F,1,2,no,yes,yes,yes,yes,no,20,18,16,7.0172130936147035
21,F,4,3,no,yes,yes,yes,no,no,23,16,17,16.775835707544605
17,M,1,1,yes,yes,no,yes,no,no,5,10,19,9.577673517469368
17,F,1,0,yes,yes,yes,no,yes,yes,20,7,15,10.319631857684081
15,M,2,2,no,yes,no,yes,no,no,24,4,16,7.039281238109147
22,M,3,0,no,yes,no,no,no,yes,29,9,15,16.618303353098042
17,M,1,0,no,yes,yes,no,no,no,6,6,18,10.423276237552868
17,M,3,1,no,no,no,no,no,no,23,9,7,11.691593712714424
15,F,1,3,yes,yes,yes,yes,no,no,0,3,5,1.2706596725286827
17,F,1,0,yes,yes,yes,yes,no,no,26,8,5,4.812415031882323
19,F,4,2,yes,yes,no,no,no,yes,17,13,20,17.903718380791048
16,M,4,2,no,yes,yes,yes,no,yes,23,1,8,7.1728618839745355
21,F,4,3,no,yes,no,no,yes,no,27,8,3,7.228256187679947
16,M,3,2,no,yes,yes,yes,no,no,24,20,11,12.7868112770204
15,F,2,3,no,yes,yes,yes,yes,yes,19,0,11,5.699823732777547
18,F,1,2,yes,yes,yes,no,no,yes,11,9,16,9.180644541474836
21,F,1,1,yes,no,no,no,no,yes,15,9,14,8.738556902790515
15,M,1,0,no,yes,yes,no,no,yes,9,19,8,9.528576445688678
22,F,3,1,yes,yes,no,yes,no,no,26,2,6,4.962017020338564
18,F,4,0,no,yes,yes,no,yes,no,9,5,9,13.371312838581396
16,M,2,0,no,yes,yes,yes,yes,yes,13,5,15,10.235418213696482
15,F,3,0,yes,no,no,yes,no,yes,24,20,11,12.644007684852347
22,M,4,1,no,no,no,yes,yes,yes,19,1,6,6.539942918007498
21,F,3,0,no,no,no,no,no,yes,9,17,17,20.0
21,M,2,1,yes,no,no,no,no,yes,9,1,14,7.08004723002111
20,M,4,3,no,no,no,no,yes,yes,25,11,5,10.964325555020803
22,F,3,2,no,no,yes,yes,yes,no,24,4,11,7.88670054560344
19,M,2,2,yes,no,yes,yes,no,no,10,19,10,13.179155270321626
17,M,1,0,no,no,no,no,no,no,22,6,19,13.734328034948756
18,M,2,1,yes,no,yes,yes,yes,yes,1,15,2,6.148609146198686
22,M,1,2,no,no,yes,yes,no,yes,24,19,1,1.1240486663847915
20,M,3,1,yes,no,yes,no,yes,yes,19,0,5,2.6933590459393595
17,M,4,1,yes,no,no,no,no,no,7,0,4,6.482676992088586
17,F,4,0,yes,no,yes,no,no,yes,29,16,17,20.0
15,M,3,2,no,no,yes,yes,yes,yes,22,0,15,8.178875850154922
17,M,4,0,yes,no,yes,yes,yes,no,28,20,7,17.09048790014691
19,F,4,0,yes,no,no,yes,yes,yes,6,19,19,20.0
21,F,1,2,yes,yes,yes,yes,no,no,7,12,10,6.820642726223376
20,F,3,2,yes,no,yes,yes,no,no,0,8,9,9.151782077041549
17,F,2,3,yes,yes,no,no,no,yes,20,14,11,9.345326387890294
15,F,1,3,no,no,no,yes,no,no,1,2,20,6.677939511019974
19,F,3,1,no,no,yes,yes,yes,yes,17,13,5,10.20106578999303
16,F,1,2,no,yes,yes,yes,no,no,14,10,19,8.157101313605118
21,M,2,3,no,no,no,no,no,yes,0,11,4,4.556977781730913
21,M,2,1,no,yes,no,no,no,no,4,12,8,11.48879959416628
20,F,3,1,no,yes,no,no,yes,yes,1,12,15,17.664009173997442
21,M,2,1,no,yes,no,yes,no,no,19,0,13,8.28455328313782
17,M,1,3,yes,no,no,no,no,no,2,9,7,4.510322270191946
15,M,2,2,no,no,no,no,yes,no,18,2,19,9.739461414325625
21,F,1,0,yes,no,no,no,no,yes,17,3,18,9.925341271192794
21,F,1,1,yes,yes,yes,yes,no,yes,28,15,13,11.228514157225367
16,M,2,3,no,yes,no,no,yes,no,21,7,6,6.3786656686249685
16,F,3,3,yes,no,no,yes,no,yes,17,15,4,5.827276327961709
18,M,4,0,yes,no,yes,yes,no,no,13,16,17,16.697206595374183
19,M,2,0,yes,no,no,no,no,yes,29,18,1,8.733983500727069
17,M,1,3,yes,no,no,yes,yes,no,23,14,10,6.123323886599406
21,M,1,2,no,no,yes,no,no,yes,7,15,7,8.039743235242463
22,F,2,0,no,yes,no,yes,no,no,28,14,0,6.220984350289023
21,F,3,3,no,yes,yes,no,yes,no,29,1,11,1.222846954750377
15,F,3,0,no,yes,yes,no,yes,no,11,10,1,8.381102686657968
18,M,1,2,no,no,yes,no,no,no,20,0,17,5.412171548683529
19,F,1,1,no,yes,yes,yes,no,yes,9,14,6,4.775453033177126
22,M,3,0,no,yes,no,no,no,no,22,18,16,16.287818142365378
18,F,4,2,no,yes,yes,yes,no,yes,19,3,13,12.834566820173995
20,M,2,3,no,yes,yes,no,yes,yes,16,10,6,5.056240139192199
19,M,1,0,no,yes,no,yes,no,no,10,4,2,4.691244237218635
21,M,1,0,yes,no,yes,yes,yes,yes,1,2,5,3.8886355367789047
21,F,3,3,no,yes,yes,no,yes,yes,25,12,19,11.191779178083348
19,F,2,1,yes,no,yes,no,no,yes,25,9,1,4.8742035411517115
21,F,3,3,yes,no,yes,no,no,no,3,10,16,11.897760388359384
17,F,2,0,yes,no,no,no,yes,yes,0,17,11,10.517359577317567
19,M,2,3,yes,no,yes,no,yes,yes,14,1,11,7.500340519664022
18,F,2,2,no,no,no,yes,no,no,12,6,16,10.349716991364804
19,F,1,3,yes,yes,no,no,yes,no,7,8,9,2.42823979141857
22,M,4,0,no,yes,yes,no,no,yes,24,9,2,13.126814235773
21,M,3,3,no,no,yes,yes,no,no,3,17,19,16.644698134146214
17,M,4,1,yes,no,yes,no,yes,yes,9,6,17,14.439323900795124
17,F,3,3,no,no,yes,no,yes,yes,18,6,12,7.6668304204698785
20,M,2,1,yes,yes,no,yes,no,yes,17,2,11,10.48694842694601
18,M,1,2,yes,no,no,no,yes,no,4,11,16,12.937950293836195
16,M,4,1,no,yes,no,no,no,yes,29,6,3,9.558871315136216
16,F,1,3,no,no,yes,no,no,no,18,16,9,3.5835713058220517
19,M,3,0,yes,yes,no,yes,no,no,25,0,10,9.058795690150884
20,F,1,1,no,no,yes,no,yes,yes,22,4,5,5.766031488938403
15,F,1,2,no,yes,yes,yes,no,no,26,15,5,3.439569407972411
19,M,4,1,no,no,yes,no,no,no,21,14,8,13.483433600481963
20,M,2,1,yes,yes,yes,yes,no,no,15,1,14,8.98516976286326
18,F,1,1,yes,yes,yes,no,no,no,0,8,1,1.454570627184665
18,M,2,2,no,yes,no,yes,no,no,11,6,3,6.192869123752153
18,M,3,3,no,yes,no,yes,no,yes,23,3,4,5.387935030408749
18,F,1,1,no,yes,yes,yes,no,no,1,19,16,16.619091819050585
18,F,4,1,no,yes,no,yes,no,yes,20,17,7,15.962921791715544
20,M,3,0,no,yes,yes,yes,no,yes,24,20,7,12.878220728867923
20,F,3,2,yes,no,yes,yes,no,yes,7,3,11,9.360738121818384
17,M,4,1,no,no,yes,no,no,yes,17,12,20,20.0
22,M,1,2,yes,no,no,no,yes,yes,24,0,7,3.8789576282506935
16,M,1,1,no,no,yes,yes,no,yes,15,2,18,6.746315704218528
21,F,3,3,yes,no,yes,yes,no,no,4,15,2,5.007324595289051
18,M,1,3,no,yes,no,yes,no,no,25,3,17,2.920725761781978
15,M,2,1,yes,yes,no,yes,yes,no,29,15,20,18.209463988277733
21,M,4,3,no,yes,no,no,no,yes,21,18,18,17.345757647684078
20,F,2,1,yes,yes,yes,yes,yes,no,12,0,18,8.057562751582578
15,F,1,3,yes,yes,yes,no,no,no,18,4,14,4.554377877514241
15,F,3,0,yes,no,no,no,no,no,28,18,5,13.152625373197951
15,F,4,0,yes,no,yes,yes,yes,yes,2,10,15,15.054837062068634
17,F,1,0,yes,no,no,yes,no,no,25,12,7,8.472367887913206
20,M,1,2,yes,no,no,no,yes,yes,7,19,15,11.081390575440878
15,F,3,2,no,yes,yes,no,yes,no,26,4,17,14.862506189303799
18,F,3,0,yes,yes,yes,yes,no,yes,25,20,19,18.288624948467454
19,F,2,2,no,yes,no,yes,no,yes,25,3,15,4.481201351609323
15,M,4,3,no,no,no,yes,no,yes,11,3,10,6.302092529288046
17,F,4,1,no,yes,no,no,no,no,1,3,6,8.014705153135557
21,F,3,1,no,no,no,no,yes,no,10,3,16,10.94614564793421
20,M,2,1,no,yes,yes,yes,yes,yes,11,19,16,12.506992541745717
22,F,4,0,yes,yes,no,no,no,no,27,20,11,20.0
17,M,3,2,yes,no,no,no,yes,yes,17,17,12,10.667934473981042
15,M,1,3,yes,yes,no,yes,yes,yes,12,17,9,6.24003593659846
20,M,4,3,no,yes,yes,yes,no,no,4,15,6,14.40038436704435
19,M,2,0,yes,no,yes,no,yes,no,21,8,13,12.707136543527248
15,M,2,3,yes,yes,no,no,yes,no,11,17,0,5.501514023424718
17,F,2,3,yes,no,yes,yes,no,yes,1,1,16,9.91463240149032
16,M,1,3,yes,yes,yes,yes,yes,yes,4,20,3,7.191299128473945
18,M,4,3,yes,yes,yes,yes,no,no,6,3,20,13.530248734705205
22,F,4,2,no,yes,no,yes,yes,yes,25,11,4,9.278546300111062
21,M,1,3,yes,yes,no,yes,no,no,25,6,19,6.854622250420413
17,F,4,1,no,yes,yes,no,yes,yes,23,14,6,12.957392264667588
20,F,1,0,no,yes,no,no,yes,no,11,6,9,6.597148904855784
22,F,1,2,no,yes,no,no,no,no,15,20,16,11.82407302376585
22,M,1,3,no,yes,yes,no,no,yes,22,16,6,5.401495394095312
22,M,2,2,no,no,yes,yes,no,no,7,15,0,3.0107430656835485
15,M,4,3,yes,no,no,yes,no,no,29,18,6,14.564084999924598
18,F,1,1,yes,yes,yes,yes,yes,yes,27,8,10,7.719595026146563
15,M,4,0,yes,yes,no,no,yes,no,8,13,8,14.574434076098765
20,M,2,3,no,no,no,no,yes,yes,14,16,11,9.142351957458914
15,M,1,3,yes,yes,yes,no,no,no,4,4,2,1.360737782317201
16,F,3,3,yes,yes,no,yes,yes,yes,12,1,3,0.06662717482821501
18,F,2,3,no,no,no,no,yes,no,4,19,3,6.189878547039509
18,M,3,0,no,yes,yes,yes,no,no,10,15,12,12.928288450275335
20,M,4,0,no,yes,yes,yes,no,no,9,13,18,20.0
21,M,4,1,no,no,yes,yes,yes,no,19,13,9,14.27637209553723
16,M,2,0,yes,yes,no,yes,no,yes,12,0,4,3.2445087048009866
17,F,4,3,no,yes,yes,yes,yes,yes,8,2,6,13.698933561394785
15,F,3,1,no,no,yes,yes,yes,yes,20,6,15,11.227962842439222
19,F,1,1,yes,yes,yes,no,no,yes,13,14,0,4.281840163847585
15,F,1,1,yes,no,yes,yes,yes,yes,17,18,11,10.026403520029275
22,M,1,3,no,yes,no,yes,no,yes,14,19,1,1.9040938868619304
15,M,2,2,yes,yes,no,no,no,yes,9,1,6,4.194704034992286
17,M,4,3,no,no,yes,yes,yes,no,23,18,10,8.478519667279947
15,F,3,0,no,no,no,no,yes,no,6,8,12,15.371796765754585
16,M,4,0,yes,yes,yes,no,yes,no,7,18,1,11.54439025852556
16,F,4,3,yes,no,yes,no,no,no,27,4,6,6.2693569553793775
18,F,4,3,no,no,no,yes,yes,yes,2,17,14,15.703039347372325
20,M,1,1,no,yes,no,yes,no,yes,14,15,10,8.59107796338777
21,M,3,3,no,yes,yes,no,no,yes,15,3,1,2.4729045058047467
19,M,3,1,yes,yes,yes,yes,yes,no,3,11,6,8.175845114540458
22,F,4,0,no,no,no,yes,no,yes,20,6,3,15.1912964349409
15,M,1,1,no,no,yes,no,yes,no,5,13,10,9.462964764413181
15,F,1,3,no,no,no,no,yes,yes,0,11,1,0.0
17,M,3,0,no,no,yes,yes,yes,yes,3,2,15,12.956364892115703
20,F,1,2,no,yes,yes,no,yes,yes,10,4,6,0.29306401069738053
16,F,1,1,yes,no,no,no,yes,yes,11,16,12,13.5448285879789
19,M,1,0,no,yes,no,no,yes,no,25,9,4,6.699275921417091
18,F,2,1,no,no,no,yes,yes,no,28,9,16,9.648906944185866
16,F,4,0,no,yes,no,yes,no,yes,4,10,20,20.0
22,M,3,0,no,yes,no,yes,yes,no,22,16,11,14.643848655903373
20,F,3,1,yes,yes,no,no,no,yes,28,4,18,10.323542688955039
22,M,2,2,yes,no,no,yes,no,yes,20,12,6,7.762092667800419
21,F,4,0,yes,yes,yes,no,no,yes,15,9,5,13.405683668275787
18,M,3,0,no,yes,yes,yes,yes,yes,12,8,7,13.475467265134796
21,M,1,0,no,no,yes,yes,no,no,12,16,12,11.729007113835596
17,F,3,2,yes,yes,no,no,no,yes,16,0,4,4.814120573917101
22,F,1,2,yes,no,no,yes,yes,yes,26,3,1,0.6202660730903677
17,F,2,3,yes,no,no,no,yes,no,6,3,8,6.790565989014058
15,F,1,1,no,yes,yes,yes,no,yes,7,17,10,8.979852953451857
21,F,3,2,no,yes,no,yes,yes,no,12,8,5,8.338909937611463
20,M,3,1,yes,no,no,no,yes,yes,22,17,6,13.233490904031225
22,F,3,3,yes,yes,yes,no,yes,yes,26,13,6,8.49955303846152
19,M,2,1,yes,no,no,no,yes,yes,15,14,18,13.20419078788086
18,M,2,2,no,no,yes,yes,no,yes,29,5,5,4.741208014615006
16,F,4,1,no,no,yes,yes,yes,yes,28,9,10,13.012684477134297
20,M,3,2,no,yes,no,yes,yes,yes,3,14,10,15.118420720223606
20,M,1,1,yes,no,no,no,yes,no,7,3,6,2.884472429137389
17,M,2,2,yes,yes,no,no,no,yes,15,17,1,4.674842947495543
21,M,3,2,no,yes,yes,no,no,no,20,17,18,15.287596617133849
22,F,3,1,yes,yes,yes,yes,yes,no,9,16,3,10.346603605142654
22,M,2,3,no,yes,yes,yes,yes,yes,24,11,5,5.19368704033726
15,F,4,0,yes,no,no,no,no,no,11,6,16,15.285106795597336
15,F,2,3,yes,yes,no,yes,yes,yes,11,15,4,5.820746959865753
18,M,2,1,yes,no,no,no,yes,no,25,10,6,8.159214077942423
17,F,1,3,yes,no,no,yes,no,yes,4,13,8,6.41197937872001
20,F,1,2,no,yes,yes,yes,yes,no,15,2,0,0.0
22,F,4,0,yes,no,yes,no,yes,no,0,18,0,13.604950061263176
19,M,3,1,no,no,yes,yes,no,yes,27,17,18,17.832692759417036
17,F,2,1,no,yes,yes,yes,no,no,8,9,5,8.935310126363033
18,F,4,1,no,no,no,no,yes,yes,11,5,17,12.832648424746843
18,F,1,0,yes,no,no,no,no,yes,4,12,9,6.695358880266356
17,M,2,2,no,no,no,yes,yes,yes,21,9,10,11.090959258767622
18,F,3,1,no,no,yes,no,yes,yes,19,17,0,11.008150875856316
17,M,1,3,no,yes,yes,yes,yes,yes,21,19,0,2.7612267273411946
16,M,1,1,yes,no,no,no,no,no,27,15,12,9.839403873266262
17,M,1,1,yes,no,no,yes,no,no,23,5,4,2.814876613340346
21,M,4,1,no,no,yes,yes,yes,no,2,12,19,18.122561448883104
17,M,3,1,yes,no,no,no,yes,yes,4,3,0,3.4563256211906244
18,M,2,2,no,yes,yes,yes,no,no,1,13,19,14.180333970179852
22,F,4,3,no,no,yes,yes,no,no,13,0,2,4.650906797257004
21,M,4,2,yes,yes,yes,no,no,no,1,19,17,17.923254192066704
18,F,4,3,no,no,no,no,yes,no,12,4,8,6.112115234642957
15,F,1,1,yes,yes,no,yes,no,no,6,7,13,8.848534193545271
15,M,3,0,yes,yes,yes,no,no,yes,9,11,16,13.958056713707917
22,F,4,2,no,yes,no,no,yes,yes,12,1,13,9.115698280182428
22,F,2,0,yes,yes,yes,yes,yes,no,15,11,3,8.675243846883502
21,F,3,2,yes,yes,yes,yes,yes,yes,25,4,4,10.814663799231305
16,F,2,1,no,no,yes,no,no,yes,13,4,20,12.042932266709618
22,M,3,2,no,no,yes,no,yes,no,10,12,16,7.862398240664862
15,F,2,1,yes,no,no,no,yes,no,9,8,1,4.014997233278499
17,M,1,2,yes,yes,yes,yes,yes,yes,5,9,4,4.667458224441147
18,F,4,1,no,no,yes,yes,yes,no,3,0,3,5.443078110031752
15,F,2,1,yes,yes,no,yes,no,yes,20,2,3,5.962204882291321
15,M,3,3,yes,yes,yes,yes,yes,yes,0,17,5,8.91764114953006
16,F,4,1,yes,no,yes,yes,no,no,6,11,19,19.38265438518155
21,F,4,3,yes,no,no,yes,no,yes,23,2,20,10.982291781498006
21,F,3,1,yes,yes,no,yes,no,yes,8,8,12,10.42643217013457
20,M,2,0,yes,yes,no,no,yes,yes,7,1,4,7.029970316569023
16,F,1,1,yes,no,yes,no,no,no,4,2,6,3.484943250055681
17,M,1,0,no,no,no,yes,yes,no,18,13,19,13.36395437642745
21,F,2,0,no,no,no,yes,yes,no,9,3,0,8.037939737898126
18,M,4,1,no,no,yes,yes,yes,no,10,18,13,18.30828185412357
22,M,4,0,no,yes,yes,no,no,yes,24,12,3,8.820154066608545
16,F,4,3,no,no,yes,yes,yes,no,14,6,16,13.298136245032774
22,F,4,2,yes,no,yes,no,yes,no,5,11,20,17.697937600830244
15,M,2,1,yes,no,yes,no,yes,no,14,2,13,10.669822574446865
18,M,4,0,yes,yes,no,no,no,no,4,8,15,14.52060316085298
18,F,3,1,yes,yes,no,no,no,yes,28,1,13,10.649611650420246
15,M,4,3,no,yes,no,no,no,yes,18,8,15,12.123260042486361
16,F,1,1,yes,yes,yes,yes,yes,yes,21,11,19,9.484736305040494
15,F,4,1,yes,no,yes,yes,no,no,18,11,7,14.493533135813161
22,F,2,0,no,yes,yes,no,yes,no,9,14,2,8.516908001381235
20,F,1,3,yes,no,no,yes,yes,yes,11,1,18,7.30546478250467
18,M,2,2,yes,no,no,no,no,no,21,17,0,4.614282429865048
19,F,2,2,no,no,yes,no,yes,no,3,12,1,2.0788290584012095
19,M,1,0,yes,no,no,yes,no,yes,17,13,14,11.01486763593771
22,F,2,1,yes,yes,yes,yes,yes,yes,15,4,9,7.7638263651248955
17,M,2,0,yes,yes,no,yes,no,no,7,9,17,12.431608145562176
21,F,4,0,yes,yes,no,yes,yes,no,3,11,13,10.371086262483544
15,M,3,0,yes,no,no,yes,yes,no,24,9,16,15.867298289837539
15,M,2,1,no,no,yes,no,yes,yes,22,10,12,11.057961381044052
17,F,2,3,no,no,no,yes,yes,yes,11,1,0,1.1743345570819324
17,F,2,0,no,no,no,yes,yes,yes,1,4,4,6.039015128898445
22,F,4,1,no,no,yes,yes,no,yes,3,6,12,12.229896535236186
22,F,3,3,no,yes,no,no,yes,no,4,5,13,11.080643545602982
17,M,1,0,no,no,yes,yes,no,yes,2,2,2,0.2491906283565677
18,F,4,2,yes,yes,yes,no,no,yes,8,12,14,13.705764412664719
22,M,4,3,no,no,yes,yes,no,no,28,2,18,11.584603692263611
20,M,3,0,no,no,yes,yes,yes,no,20,20,16,19.61204366002848
22,F,3,3,yes,yes,yes,no,yes,no,17,5,2,4.139534364808638
15,M,4,3,yes,yes,no,yes,yes,yes,10,10,15,10.656014723076883
22,M,1,3,no,no,yes,yes,no,no,2,16,13,9.835227896041708
18,M,4,3,yes,no,yes,no,yes,no,29,9,11,10.603814824553815
17,M,3,3,no,no,yes,yes,yes,yes,24,11,11,5.86399458701727
15,F,1,3,yes,no,yes,no,no,yes,22,16,10,6.718353301546789
22,F,3,0,no,yes,no,no,no,no,1,3,16,14.250553742442928
18,F,1,2,yes,no,yes,no,no,yes,8,1,7,6.021487906796229
20,F,2,1,yes,yes,no,no,no,no,13,10,16,12.717502697740585
22,M,3,3,no,no,yes,no,no,no,3,6,20,8.335948855969757
18,M,3,1,no,yes,no,yes,no,yes,28,1,19,9.506197418383287
20,F,4,0,no,yes,yes,yes,yes,no,8,17,10,19.617418916396534
17,F,3,3,no,no,yes,yes,no,yes,12,20,1,6.294393973301721
22,F,3,2,no,yes,no,no,yes,yes,17,3,9,4.4008378717096805
20,M,2,1,yes,no,yes,no,yes,yes,14,7,9,10.201021735516864
15,F,3,3,no,yes,no,no,yes,no,27,19,10,10.248528375570658
17,F,2,0,no,no,yes,no,no,yes,9,13,5,11.794027928319215
15,F,2,2,yes,yes,no,yes,yes,yes,15,11,3,3.670560989341177
19,M,2,1,yes,no,yes,yes,no,no,11,20,11,15.847624667331761
16,M,2,1,no,no,yes,no,no,no,19,17,10,13.344127413866552
22,M,1,3,yes,yes,no,no,yes,no,4,10,12,3.854629266797307
20,M,4,2,yes,yes,yes,yes,no,no,1,7,4,5.379219066210718
16,M,1,2,no,yes,yes,no,yes,yes,9,1,5,5.910327717508283
16,M,3,2,yes,yes,yes,no,yes,yes,0,14,0,6.779584596013707
20,M,1,2,yes,no,yes,no,no,yes,6,8,5,1.874536705848566
17,M,1,0,no,yes,yes,yes,yes,no,25,18,17,16.972616537658997
22,F,3,2,no,no,yes,yes,yes,no,16,19,8,13.79151970682488
19,F,3,1,yes,yes,no,no,yes,yes,15,7,14,14.56559308662516
15,M,3,1,yes,no,no,yes,no,no,26,18,7,12.502983444964537
18,M,1,0,no,no,no,no,yes,no,26,4,18,14.162109380647248
15,F,1,1,yes,no,yes,no,no,yes,23,10,15,6.878763638897277
18,M,3,1,yes,no,no,yes,no,yes,2,14,5,9.595900956884957
15,M,4,2,yes,yes,yes,no,yes,no,13,7,5,9.879757511429768
20,M,4,1,no,yes,yes,no,yes,no,9,18,2,15.036222688474226
19,F,2,0,yes,no,yes,yes,no,no,21,7,9,11.022318041049658
22,F,3,2,yes,yes,yes,no,no,yes,6,18,0,8.234268528306416
18,F,2,3,no,yes,no,no,yes,yes,25,17,13,8.849704265521043
22,F,4,2,yes,no,yes,no,yes,yes,16,9,3,11.24702171671871
22,F,2,0,yes,yes,no,yes,no,yes,29,6,11,11.72879202655406
22,M,3,2,no,yes,yes,no,no,yes,5,8,5,5.650952414617872
21,F,3,2,no,yes,no,yes,no,no,22,0,10,5.191461203873946
17,M,3,0,no,no,no,no,no,no,21,18,11,14.70902369112097
15,M,1,2,no,yes,no,no,no,no,3,4,9,2.4524762687612505
22,F,2,0,yes,no,no,no,yes,yes,16,18,17,18.259681825092933
15,F,4,0,yes,yes,no,no,no,yes,26,0,6,11.271464644436035
22,M,4,3,no,yes,no,yes,no,yes,8,14,6,11.215574480806197
18,M,4,1,no,yes,yes,yes,yes,no,3,15,10,15.383339273593553
17,M,1,1,yes,no,no,no,yes,yes,6,6,3,3.9775414306747088
17,F,1,2,no,no,yes,no,no,yes,22,11,19,6.736365169319377
20,F,3,2,yes,yes,no,no,no,no,1,7,0,6.688367315369537
21,F,4,3,no,no,yes,no,yes,yes,16,4,12,8.373037038817115
20,F,1,3,yes,yes,no,no,no,no,23,9,17,6.9336893339000145
20,F,3,3,no,no,no,no,no,yes,7,20,8,9.75365415572933
20,M,4,0,no,no,yes,no,yes,yes,22,4,8,12.691743130303351
20,F,2,3,yes,yes,no,no,no,no,29,16,8,8.64618785448799
20,M,3,3,no,yes,no,yes,yes,no,14,4,9,4.282289934953343
19,M,1,2,yes,yes,no,yes,yes,no,14,14,1,4.105498448488005
17,M,1,3,yes,yes,yes,yes,yes,no,7,12,5,2.2019948424922866
20,F,3,0,yes,no,no,no,yes,no,15,0,14,14.242917551752008
22,F,3,0,yes,no,yes,no,no,no,18,10,2,7.570749194040745
17,F,1,2,yes,no,no,no,yes,yes,10,0,10,0.9949674608718921
17,M,2,3,no,yes,no,yes,no,yes,1,10,5,3.78085956392638
16,M,4,3,no,yes,yes,no,no,no,22,17,2,7.548712569972321
19,M,2,0,yes,no,no,yes,no,yes,23,17,10,12.651237974026175
20,M,3,3,no,yes,no,no,no,no,16,20,14,12.044228987768575
15,M,2,3,yes,no,yes,yes,no,yes,27,15,12,8.976824755403626
18,M,1,3,no,no,no,yes,yes,no,25,12,19,10.716144055648307
21,F,3,1,no,no,yes,yes,yes,yes,15,6,9,10.04255921136855
22,F,4,2,no,no,yes,no,yes,yes,24,0,5,7.324709121632955
15,F,1,1,no,no,yes,yes,yes,yes,14,15,14,8.485354794375802
19,F,1,2,yes,yes,no,no,no,yes,12,0,17,5.531880892369742
18,M,4,0,yes,yes,yes,no,yes,yes,14,16,17,18.756491056781208
19,M,4,3,no,yes,yes,no,no,no,26,5,6,8.763281927280971
22,F,2,2,no,no,no,no,no,no,3,1,14,5.370866033594606
17,M,3,1,yes,no,yes,no,yes,no,15,16,17,14.378688814977535
18,F,4,3,no,no,no,yes,yes,yes,29,5,17,12.434858394294698
17,F,4,0,yes,no,no,no,yes,no,11,13,19,20.0
22,F,3,2,yes,yes,no,no,yes,yes,29,17,8,10.948102752050675
15,M,4,2,yes,yes,no,no,no,yes,3,5,1,7.236416812460998
22,F,4,2,no,no,yes,no,no,yes,2,9,7,12.39604369670957
15,F,2,3,yes,no,yes,no,yes,no,21,17,19,13.219807797230544
18,F,1,1,no,no,yes,yes,no,yes,16,8,1,4.332958960764394
18,M,1,1,yes,yes,yes,yes,no,no,21,7,10,6.409615096163989
20,M,1,2,no,yes,yes,no,no,no,17,9,6,3.9485296344434784
19,F,1,0,no,yes,no,yes,yes,yes,24,16,5,7.289702924546943
20,M,4,0,no,no,yes,yes,no,yes,17,5,9,14.072746508602766
19,M,3,1,yes,no,yes,no,yes,no,22,13,4,10.927108859997286
20,M,3,0,yes,yes,yes,yes,yes,no,27,5,10,12.934329055387606
17,M,2,1,no,no,no,no,no,no,16,6,0,3.323791058893309
18,M,2,2,no,yes,no,yes,no,no,11,11,1,6.360268798757211
15,M,4,1,no,no,yes,yes,yes,no,22,2,0,9.366669576295873
19,M,3,1,yes,yes,no,yes,no,no,20,13,18,13.17208376344748
22,M,3,2,yes,no,yes,no,no,yes,23,18,1,8.206254841285189
19,M,1,0,yes,yes,yes,yes,yes,no,3,15,20,16.850047163921676
15,M,4,1,yes,yes,no,yes,yes,no,11,6,19,14.600888600294228
20,F,4,1,no,yes,no,no,yes,no,25,7,20,17.657525054366683
19,F,1,2,no,yes,yes,no,yes,no,22,17,3,5.317152004004863
21,M,4,0,yes,yes,yes,yes,no,yes,21,12,11,16.661758642847015
17,F,4,1,yes,yes,no,no,no,yes,20,20,19,20.0
18,F,2,2,no,no,yes,yes,yes,no,19,8,17,11.692341969128545
15,M,3,1,yes,no,no,yes,yes,no,14,9,0,5.156965728272243
18,M,4,3,yes,no,yes,no,yes,no,22,20,0,7.673353511755427
21,M,2,2,yes,yes,no,no,no,yes,27,8,13,11.529027100533714
19,F,3,0,yes,yes,yes,no,yes,yes,15,14,3,15.600726559970637
19,F,1,0,yes,no,yes,yes,no,yes,4,19,4,9.289161122747275
22,M,2,0,yes,yes,no,no,yes,yes,20,1,10,11.73053208430342
21,M,2,0,no,yes,yes,yes,yes,yes,14,12,12,10.856450705972955
15,M,3,1,yes,yes,yes,no,yes,yes,16,1,15,9.736828233028087
22,F,1,1,yes,yes,no,yes,no,no,17,18,12,13.614975023490743
17,F,2,0,no,yes,yes,no,no,yes,4,1,1,6.308213057246717
22,F,4,0,no,no,yes,yes,no,yes,12,2,15,17.812854195864517
16,F,4,0,no,no,yes,no,yes,no,18,5,5,12.43711153811801
15,M,4,1,yes,no,no,yes,no,yes,29,2,13,10.27490784697145
16,M,1,0,no,no,no,no,no,no,12,9,0,5.147154715005352
21,M,2,0,yes,no,no,no,yes,yes,17,5,16,14.304005076936022
20,M,4,3,yes,yes,yes,yes,yes,no,13,15,10,11.734529594707656
16,F,1,3,yes,yes,yes,no,no,no,29,16,18,8.927132962988562
17,F,4,0,no,yes,yes,yes,no,no,3,18,2,15.167706805928244
22,M,3,2,no,yes,yes,yes,no,no,3,2,10,6.48098746890961
20,M,2,0,no,no,no,no,no,no,19,17,4,11.291000966227001
22,F,2,3,no,no,yes,yes,yes,yes,19,6,16,7.827002929342913
16,M,1,2,no,no,yes,no,yes,yes,18,8,6,2.81917107850316
22,F,1,2,yes,yes,yes,no,yes,no,12,19,9,10.261474463734828
21,M,2,0,yes,no,no,yes,no,no,11,11,10,12.591975877901548
20,M,4,3,yes,yes,yes,no,no,no,6,4,2,4.792658831426747
21,M,4,3,yes,no,yes,yes,yes,yes,24,2,19,11.670077470119855
16,M,3,2,no,no,yes,yes,yes,no,11,10,9,9.057448800304325
21,M,4,0,no,yes,yes,no,no,no,20,3,9,11.222704721514095
17,M,1,1,yes,yes,yes,no,no,no,3,4,13,3.5034606551859286
16,M,1,1,no,no,no,yes,yes,no,26,0,11,3.9323445112878557
16,F,4,3,no,no,yes,yes,yes,yes,1,17,14,12.951945003368754
16,F,1,1,yes,yes,yes,no,yes,no,1,11,9,7.629781415670718
15,F,2,3,yes,no,yes,no,no,no,4,12,9,7.581397603056491
22,F,2,3,no,no,yes,no,no,yes,22,8,18,7.495630660394229
15,F,4,3,no,yes,yes,no,no,no,9,1,0,4.546994723454011
15,M,2,1,yes,no,yes,yes,no,no,9,4,9,5.387508434266651
17,M,2,3,yes,yes,yes,no,no,yes,8,12,1,3.2494149687230895
20,F,3,2,yes,no,yes,yes,no,yes,12,15,16,12.695161798678331
22,M,3,0,no,yes,yes,yes,yes,yes,6,15,6,14.392347276158088
21,F,2,0,yes,no,yes,no,yes,no,4,2,6,7.233546199989196
19,F,4,3,yes,yes,no,yes,no,no,25,3,19,11.779664148336442
16,M,3,0,no,no,no,no,yes,yes,9,10,8,10.94950047977023
21,M,1,1,no,yes,no,yes,no,yes,9,13,1,4.142317383246922
16,M,1,1,no,no,no,no,yes,yes,5,2,13,9.958121624652103
17,F,1,0,no,no,yes,yes,no,no,26,15,16,11.897831758554908
16,M,4,1,no,no,no,yes,yes,no,27,14,0,11.658813835192966
15,F,2,0,yes,no,no,no,yes,yes,18,9,8,9.674707366224622
22,F,1,0,yes,no,yes,no,no,no,20,8,19,12.901650629148076
19,F,4,0,no,no,no,yes,no,yes,7,10,20,20.0
18,M,3,3,no,no,no,yes,yes,no,0,15,18,12.492043013357847
16,M,2,0,no,no,yes,no,yes,no,27,9,3,9.319546852890246
21,F,3,3,no,no,yes,yes,no,no,16,16,7,14.613278954011678
15,M,4,0,no,yes,yes,no,yes,no,6,18,12,19.33507998838341
18,M,1,0,yes,yes,no,yes,no,yes,13,1,3,6.727162929199592
19,M,1,0,yes,no,no,no,no,no,20,1,8,6.462092000213228
18,F,4,1,yes,yes,yes,yes,yes,no,29,5,8,9.336076755604987
15,F,1,3,yes,no,yes,no,no,yes,20,18,17,10.251387994505967
22,M,2,3,no,no,no,no,yes,no,16,7,11,5.339232407580138
22,F,4,0,yes,yes,yes,yes,yes,yes,8,2,9,11.008118605364853
20,M,3,0,no,no,no,no,no,yes,16,13,10,13.754829579195428
22,M,4,1,no,no,yes,yes,yes,no,4,15,6,13.090499842542496
20,M,2,1,no,yes,yes,no,no,no,25,0,8,3.580150188414278
18,M,2,1,yes,yes,no,no,no,yes,24,20,5,15.916923169439585
17,F,4,3,no,no,yes,no,no,yes,29,2,18,12.915741828944395
21,F,4,3,yes,yes,yes,yes,yes,yes,19,17,15,15.088780491684231
21,F,1,3,yes,yes,yes,no,no,no,28,8,14,5.679760222501946
18,M,2,0,no,no,no,yes,yes,yes,7,5,6,10.304697239243794
16,M,4,3,no,yes,yes,no,no,yes,5,20,15,19.651140724618987
16,M,4,2,no,yes,yes,yes,no,yes,10,0,4,7.970170744025149
22,F,2,2,yes,no,yes,yes,no,no,18,20,15,13.24238540956864
21,M,4,1,no,yes,yes,yes,yes,yes,3,9,0,12.145288143955232
21,F,1,3,yes,yes,yes,no,yes,no,17,5,18,6.4847184858717215
20,F,2,2,no,no,yes,yes,no,no,0,11,4,6.770629619250203
17,F,1,1,no,no,no,no,no,yes,12,3,6,5.802021840063675
15,F,1,3,yes,no,no,yes,yes,no,13,12,18,7.527041724251481
16,F,1,0,yes,yes,yes,yes,yes,yes,23,16,4,4.248331205188205
21,F,1,2,yes,no,no,yes,yes,no,0,7,16,6.6298395493399624
20,M,2,0,yes,no,no,yes,no,no,29,19,7,14.046001858758771
19,M,1,3,yes,yes,yes,no,yes,yes,28,2,0,0.0
20,F,1,2,yes,no,no,yes,no,yes,10,11,1,5.385340218825203
16,F,4,3,no,no,no,yes,yes,yes,16,6,14,10.106337932260976
16,M,2,0,no,no,no,no,no,no,3,11,19,18.061850485893526
20,F,2,2,yes,no,no,yes,no,no,25,1,17,8.470135660903923
15,F,3,0,no,yes,no,yes,no,yes,11,13,10,15.10882632512736
18,M,2,3,yes,no,no,yes,yes,yes,9,4,9,6.107225516588612
16,F,2,3,no,no,no,yes,yes,no,5,8,3,0.336668746212605
20,F,3,0,no,yes,no,no,yes,no,24,20,4,11.59020561474615
21,F,2,2,yes,no,yes,no,no,no,0,10,3,3.1238189658655076
20,M,2,0,yes,yes,yes,yes,no,yes,6,4,12,12.144434369697638
17,M,2,3,yes,yes,no,no,yes,no,25,2,12,4.289086776521544
18,M,2,0,no,yes,no,no,no,yes,26,16,17,19.655163946649438
19,F,3,3,yes,no,yes,yes,no,no,20,1,1,2.2067519497845183
15,F,2,0,no,yes,no,no,no,no,27,0,15,7.057252303836997
22,M,2,2,yes,yes,no,yes,yes,yes,15,6,0,1.455164978589632
19,F,3,2,no,yes,yes,no,no,yes,23,13,18,14.334752726438657
18,F,4,0,no,no,yes,no,yes,yes,13,4,8,13.430379728386958
18,F,1,0,yes,no,yes,no,yes,no,22,18,2,6.230324543835252
18,F,4,2,no,no,no,yes,yes,no,19,10,6,11.536961543612541
19,F,3,3,no,no,no,no,yes,no,19,1,9,7.071085514091914
21,M,1,2,yes,no,yes,yes,yes,yes,5,7,0,0.0
18,F,3,3,no,no,yes,yes,no,no,21,8,9,11.438314424118294
20,M,3,0,yes,no,no,no,yes,yes,24,2,20,13.534681953298886
19,F,2,0,yes,yes,yes,yes,yes,yes,27,1,8,5.500243851568913
22,M,1,3,yes,yes,no,no,yes,yes,4,6,14,1.8415549705469187
18,F,2,0,yes,yes,no,yes,no,no,23,4,14,13.241281397384327
20,M,1,3,no,yes,yes,yes,no,no,20,20,2,4.345765754691807
21,F,3,1,no,no,yes,no,no,yes,17,4,4,6.341428021071222
17,M,3,2,no,yes,no,no,no,no,14,19,8,8.951723129136345
21,F,4,1,yes,yes,yes,no,yes,yes,5,12,8,12.521498152866073
22,M,1,3,no,yes,yes,no,yes,yes,24,20,6,10.662890775352224
18,F,2,2,no,yes,yes,yes,no,no,28,19,11,6.811024992477766
22,M,4,3,yes,no,yes,yes,no,yes,18,5,8,6.936683197934899
19,M,4,2,yes,no,no,yes,no,yes,0,19,5,16.28556794008442
16,F,4,2,no,no,no,no,no,no,0,17,1,12.997946094139046
18,F,2,2,yes,yes,no,yes,yes,yes,12,1,8,3.358748663437437
16,M,4,2,yes,no,no,no,no,yes,2,5,16,13.307190193870612
20,F,2,3,yes,yes,yes,yes,no,yes,9,8,0,2.825874809388819
17,M,4,2,yes,no,yes,no,no,yes,20,2,18,13.067677163614535
15,M,2,2,no,no,no,yes,no,yes,2,0,5,6.568900419218352
22,M,3,1,yes,no,no,yes,no,yes,8,0,4,6.779508410915906
21,F,3,0,yes,no,yes,no,no,yes,7,18,1,14.071032581926076
17,M,3,0,yes,no,no,yes,no,no,2,4,8,10.763197538191232
18,M,3,1,yes,yes,no,no,yes,no,24,12,13,9.235222374547071
16,F,3,1,yes,no,yes,yes,yes,yes,12,18,3,8.715174493287034
21,F,4,3,yes,yes,no,yes,yes,yes,5,11,3,6.030244301387951
16,F,4,3,yes,yes,yes,no,yes,no,12,15,20,15.501428285447988
19,F,4,3,yes,yes,yes,no,yes,no,22,18,14,18.656828478028782
16,M,2,1,no,yes,no,yes,yes,no,19,2,7,6.6248229257509035
19,M,2,1,yes,yes,yes,yes,no,no,19,11,3,6.78842379587047
20,M,2,2,no,no,no,yes,no,no,11,4,15,10.677115992311295
21,M,2,3,yes,no,yes,yes,yes,yes,12,1,20,4.896232648996504
21,F,3,3,yes,no,no,yes,no,no,1,6,3,3.5206096597035224
15,M,3,3,yes,no,no,yes,yes,no,20,12,15,9.825342692119918
18,M,3,0,yes,yes,no,no,no,no,23,14,11,15.396083118936277
19,F,1,2,no,no,yes,no,no,yes,22,2,15,7.391672584707933
15,M,4,3,yes,no,yes,no,no,yes,15,20,18,17.64297110405446
16,M,2,3,yes,yes,no,yes,no,yes,22,19,7,8.974632966437824
16,M,2,3,no,yes,yes,yes,no,yes,5,4,5,1.9777817615641085
15,M,3,0,no,no,no,yes,no,yes,18,7,9,12.341519716232279
21,M,2,0,yes,no,no,no,yes,yes,20,0,4,3.9203242584392193
16,M,2,1,no,yes,yes,no,yes,no,12,7,17,12.748277870015599
22,F,4,2,no,no,no,yes,no,yes,16,17,9,12.698793990673359
20,F,3,1,no,no,yes,yes,yes,yes,22,19,9,11.556980879399253
20,M,4,2,yes,no,no,no,no,no,8,15,6,11.97563887166417
22,M,1,0,yes,no,yes,no,yes,yes,16,17,17,10.073767671310623
15,F,1,3,yes,yes,no,no,no,no,28,19,0,6.148740143992015
22,M,1,1,no,yes,no,yes,yes,no,1,11,6,7.794197993823397
19,M,3,3,yes,yes,yes,yes,no,yes,18,12,20,13.773939700495607
19,M,2,1,no,no,no,yes,yes,no,18,12,0,2.852630509210499
15,F,3,0,yes,no,no,no,no,no,23,9,14,12.89961963385317
22,M,3,0,yes,no,yes,no,yes,no,6,6,3,9.081116869743704
19,F,2,0,no,no,no,yes,no,no,21,13,19,14.973790457949585
21,M,4,1,yes,no,yes,yes,no,yes,9,15,9,11.222870069105056
22,F,1,2,no,yes,no,no,no,no,9,14,8,3.767141988927718
21,F,4,1,no,no,yes,yes,yes,yes,26,11,1,9.633811206172842
19,M,1,2,yes,no,no,no,yes,no,19,8,13,4.033421202832335
20,F,3,1,no,yes,no,no,yes,no,8,7,15,15.342774647766523
19,M,1,1,yes,no,no,yes,no,no,16,17,0,6.589076718811665
21,F,3,0,yes,yes,yes,no,yes,yes,26,17,1,9.893071781521938
17,M,4,3,no,yes,yes,yes,no,yes,14,12,6,11.838309656031427
18,M,3,3,yes,yes,yes,no,yes,yes,1,17,9,12.135413177347377
16,F,4,2,no,yes,yes,no,yes,no,29,14,19,17.37791671277384
22,M,2,3,yes,yes,no,yes,yes,no,3,3,0,0.320827533072092
17,M,2,1,yes,no,no,no,yes,no,18,16,12,11.503052383540322
19,F,2,1,yes,yes,yes,yes,no,no,16,4,0,2.620122584436687
20,M,3,0,yes,yes,yes,yes,yes,yes,4,15,4,9.426416161584292
15,M,2,0,yes,no,yes,no,yes,no,6,8,15,15.456657510195999
19,F,1,3,no,no,no,yes,no,yes,17,9,14,4.758973562457568
20,F,4,2,no,yes,yes,yes,no,no,20,17,16,16.556401219424664
18,M,4,3,no,no,yes,yes,yes,yes,21,16,15,12.479504287398763
19,M,1,3,no,no,no,yes,yes,yes,26,17,12,6.881098966781341
21,F,3,3,no,yes,no,yes,no,no,6,6,10,13.001554847739484
15,F,3,3,no,yes,yes,yes,no,no,16,3,16,7.3480041925095465
20,M,4,1,yes,no,no,no,no,yes,6,4,16,16.997191549083105
20,F,2,2,yes,yes,yes,yes,yes,no,3,15,1,5.844388965692202
20,M,3,1,no,yes,no,no,yes,no,7,2,12,11.25987692698929
18,M,3,2,no,no,yes,no,yes,yes,12,17,13,15.789160510792504
19,M,1,0,yes,yes,yes,yes,no,yes,3,20,10,12.544534768811996
18,M,1,3,yes,yes,yes,no,no,yes,5,13,9,4.29658568723942
22,M,2,1,yes,yes,yes,no,no,yes,24,14,2,7.127818043435121
16,F,3,2,no,yes,no,yes,yes,no,4,16,16,13.895143036707324
16,F,3,0,no,yes,no,yes,no,yes,29,0,14,15.328741113830826
22,F,1,0,no,no,no,yes,yes,yes,11,20,8,8.231748445679218
19,F,3,3,yes,no,no,no,no,yes,3,16,9,6.358546084414415
21,M,4,2,yes,yes,yes,no,yes,no,23,10,7,7.391894165604466
18,M,1,1,no,no,yes,yes,yes,yes,28,16,20,11.512137132855155
15,M,2,3,no,yes,no,yes,no,no,8,13,12,9.600166154396726
20,M,1,1,yes,yes,no,no,yes,yes,3,19,17,14.522838584808396
20,F,3,0,yes,yes,no,no,no,yes,18,18,4,11.784994717186585
19,M,2,1,yes,yes,no,no,yes,no,23,20,5,10.443016944680322
21,M,1,1,yes,yes,no,no,no,yes,13,6,16,6.46740272982433
16,F,4,3,no,no,yes,yes,no,yes,4,12,10,9.052895425187263
16,F,4,1,yes,no,yes,no,yes,no,17,17,19,20.0
20,F,1,3,yes,yes,yes,no,no,yes,9,13,15,9.495368122216796
19,F,4,0,yes,no,no,no,yes,yes,24,0,8,10.246362351139714
18,M,4,3,no,yes,no,no,no,yes,18,6,1,8.970030241661606
16,M,4,3,no,no,no,yes,no,yes,11,7,4,9.131210697572218
18,F,2,2,yes,yes,no,yes,no,no,17,17,0,9.283451704511101
21,M,4,1,yes,no,yes,no,no,yes,16,8,3,9.498123861810162
16,M,4,0,yes,yes,yes,no,yes,no,29,0,3,12.24137249126529
16,M,4,3,no,yes,no,yes,no,yes,23,16,2,13.459085279951552
17,F,2,0,no,no,yes,yes,no,no,10,18,8,11.774964933287961
16,M,1,2,no,no,yes,no,yes,yes,2,5,11,4.591661923263828
22,F,3,1,yes,yes,no,no,yes,no,22,2,9,6.804562995187201
15,M,4,3,no,no,no,yes,yes,yes,16,4,1,2.811569807678344
22,M,1,1,yes,yes,no,yes,yes,no,0,1,10,2.53489731746741
19,M,4,2,yes,no,no,yes,yes,no,14,19,9,12.677067736425416
19,F,2,2,yes,no,no,yes,yes,yes,27,3,5,4.449475957971143
18,M,1,0,no,yes,no,yes,no,no,8,9,17,9.961600921157297
22,F,2,3,yes,no,yes,yes,yes,yes,14,9,1,3.088325109173736
22,F,4,0,no,no,yes,no,no,yes,27,20,1,14.929690302389904
22,F,4,2,no,yes,no,yes,yes,yes,23,10,9,10.659751212251242
21,M,2,1,yes,no,yes,yes,no,yes,27,15,15,12.87472579086139
16,M,3,0,yes,yes,no,yes,no,yes,28,16,11,14.144175214627374
15,M,2,0,no,yes,no,yes,no,no,2,15,0,7.878520453447096
18,M,4,1,yes,yes,no,no,yes,yes,21,6,20,14.682274051071571
22,F,2,0,no,yes,no,no,yes,yes,26,15,7,11.468209379565634
22,F,3,1,yes,yes,yes,yes,yes,yes,18,2,15,9.898908269080334
17,F,2,3,no,no,no,no,yes,yes,12,15,17,8.46786824812441
18,M,3,1,no,yes,yes,no,no,yes,11,7,12,12.586857777697075
22,F,3,3,no,yes,no,no,yes,yes,19,11,14,11.654582402570927
18,M,2,1,no,no,no,no,no,no,0,2,20,13.323397071288214
16,F,2,2,yes,no,no,no,no,no,20,16,11,8.151205250791643
17,M,1,2,yes,no,yes,no,yes,yes,16,20,7,6.838145386578027
18,M,4,3,no,yes,no,yes,yes,no,12,17,9,12.660990810179445
15,F,3,3,no,yes,no,yes,yes,yes,0,10,13,8.69592024637548
15,F,1,2,yes,yes,no,yes,no,yes,9,3,4,2.641823967615643
19,F,2,3,yes,no,yes,yes,yes,yes,14,15,17,11.795865774967872
17,F,4,1,yes,yes,yes,yes,no,yes,26,16,18,19.458590712382133
17,M,1,1,yes,no,yes,no,yes,yes,26,8,14,11.419334466608529
19,F,3,2,yes,yes,no,yes,no,no,29,5,5,7.788154148916899
18,F,1,0,yes,no,yes,yes,yes,no,6,19,10,12.007782222962852
17,F,3,1,no,yes,no,no,yes,no,27,1,20,12.412929026806927
15,M,2,3,yes,yes,yes,no,no,no,21,8,10,5.652271783646368
15,M,4,0,yes,yes,yes,yes,yes,yes,17,20,19,19.471579692319853
22,F,4,0,no,no,no,no,yes,no,15,5,19,13.56857962609996
16,M,4,1,yes,no,yes,no,yes,yes,13,2,20,16.027512255462128
17,F,2,1,yes,yes,no,no,yes,no,26,19,17,17.44726587512613
18,M,3,0,yes,yes,no,no,yes,no,27,5,17,13.639770153394528
19,M,2,0,yes,yes,yes,yes,yes,no,17,6,9,12.574188318065195
19,M,4,2,yes,no,no,no,yes,no,26,0,1,5.046975133837059
18,M,2,3,no,yes,no,yes,no,yes,6,0,8,0.0
21,F,2,2,yes,yes,yes,yes,no,no,16,4,13,9.236498507459206
20,F,2,1,no,yes,yes,no,yes,no,28,5,18,10.24142352552371
16,F,3,2,no,yes,no,no,yes,yes,17,12,9,12.217557355040027
19,M,1,2,yes,no,yes,no,yes,yes,11,1,3,0.0
17,F,1,2,no,no,no,yes,no,no,7,14,5,6.024088324295299
16,F,2,2,yes,yes,no,no,no,yes,21,14,13,8.799077832911376
17,F,1,3,no,yes,yes,no,yes,yes,29,12,3,2.702809733124711
21,M,1,3,no,no,yes,no,no,yes,1,13,14,8.533213389150712
15,M,2,0,yes,no,yes,no,yes,no,6,6,15,12.868802002587772
16,M,2,1,yes,yes,yes,no,yes,yes,3,13,6,8.938735666060186
22,F,4,2,yes,no,no,yes,yes,no,17,9,16,11.343081787575557
19,F,1,0,yes,no,no,no,yes,no,27,16,18,15.460688361103532
16,F,3,0,yes,yes,yes,no,no,no,5,13,18,19.1628608759912
16,M,2,0,no,no,yes,no,no,no,26,7,16,10.414005951686915
16,M,4,3,no,no,no,yes,yes,yes,8,3,5,4.607941571388
20,F,3,2,no,yes,no,no,no,no,26,15,10,13.647114716065822
16,M,1,2,no,yes,no,yes,no,yes,8,12,15,8.183116874861467
17,M,4,1,no,no,no,yes,yes,no,13,19,7,13.259773325188837
15,M,2,2,no,yes,yes,no,no,yes,7,17,10,10.645108827038545
21,M,3,2,no,no,no,no,yes,no,18,13,6,8.022951224091164
18,F,2,0,yes,yes,no,no,yes,yes,2,17,18,16.622084262811963
16,M,1,1,yes,no,yes,yes,yes,no,17,4,9,4.473586658307304
19,M,3,2,no,yes,no,yes,yes,no,4,8,8,7.9449783598389105
16,M,1,3,no,no,no,yes,no,yes,13,2,3,1.5207947677149036
19,M,1,2,yes,no,yes,yes,yes,no,27,7,14,1.7629506397499872
17,F,4,0,yes,no,yes,yes,no,no,29,19,12,19.609501508870487
19,F,2,3,yes,yes,yes,yes,yes,no,3,9,1,4.490901556532987
22,M,3,0,yes,yes,no,no,yes,yes,6,18,1,10.55601171764469
18,M,1,2,no,no,no,no,no,no,19,20,15,12.875530708726302
15,M,1,3,yes,no,yes,yes,yes,no,24,2,8,0.0
19,M,3,1,no,yes,yes,no,no,yes,27,10,12,10.980032908672746
19,M,1,1,no,yes,no,no,no,yes,11,10,2,2.74966591281793
15,M,4,3,no,yes,yes,yes,yes,yes,1,16,8,13.402584327205169
18,F,4,3,yes,yes,yes,yes,yes,yes,10,15,12,9.310104626664334
16,M,4,0,yes,yes,yes,no,yes,yes,13,6,20,20.0
19,F,4,3,no,yes,no,yes,yes,no,21,3,1,4.190122867772223
15,F,1,0,no,no,no,yes,yes,no,22,18,7,11.42982430831471
22,M,3,2,no,yes,no,no,yes,no,15,11,8,10.557415842727462
22,F,3,0,yes,no,no,yes,no,yes,19,14,15,16.50246357641304
17,F,3,3,no,yes,no,no,no,no,28,10,1,3.698627877044881
15,F,3,3,yes,yes,no,no,yes,yes,5,4,5,7.184745125855708
17,F,2,2,no,no,yes,no,no,yes,22,4,7,3.970297468557791
22,F,3,3,no,no,no,no,no,no,3,14,4,5.837502684558192
18,F,2,3,no,yes,no,no,yes,yes,14,17,8,9.555420567047067
16,M,2,1,yes,no,yes,yes,yes,yes,23,10,0,5.79149923907374
15,F,4,1,yes,no,no,yes,no,no,24,11,8,15.715643150232403
21,F,2,2,no,no,no,yes,yes,yes,0,1,9,4.774665817089001
22,F,1,0,yes,no,yes,yes,no,yes,6,19,3,7.598249254608508
22,M,2,1,no,yes,yes,no,yes,no,24,14,2,8.049486946047796
21,F,4,0,yes,no,yes,no,no,yes,11,19,9,16.404765687825194
20,M,2,3,yes,yes,no,yes,no,yes,9,3,14,4.756154977388589
22,F,1,1,yes,yes,yes,no,no,no,4,17,10,11.263776387311747
19,M,1,2,no,yes,no,yes,no,no,11,5,13,9.363110134550055
18,M,1,2,yes,yes,no,yes,yes,no,17,18,5,5.907076416163018
15,F,4,2,yes,no,no,yes,yes,no,9,10,11,10.45051762742814
21,F,4,1,no,no,no,no,no,yes,5,1,12,11.293087300200364
19,M,3,0,no,yes,yes,no,no,yes,27,7,16,15.529602459791846
21,F,4,3,no,yes,yes,no,yes,no,11,10,15,13.014959056954941
15,M,1,0,no,yes,no,no,yes,yes,6,4,2,6.388463388943424
17,M,1,0,yes,yes,yes,yes,no,yes,17,17,1,8.8301796765514
15,M,4,3,yes,no,no,no,no,no,1,17,10,10.393181063780183
20,M,2,3,yes,yes,no,no,no,no,9,13,8,5.61336329871845
15,M,4,1,yes,no,no,no,no,yes,14,9,2,7.238331760049348
15,F,4,1,yes,yes,yes,yes,no,no,29,2,17,16.189358691260377
20,M,1,1,no,yes,no,yes,yes,no,11,8,19,6.516225469457199
18,M,3,1,yes,yes,no,no,no,no,25,2,14,8.133335338755375
22,F,1,1,yes,yes,yes,no,yes,yes,16,10,13,7.676395067989653
15,M,3,3,yes,no,yes,no,yes,no,3,11,1,6.327834806209633
20,F,1,0,no,no,yes,no,yes,yes,6,11,16,10.656693172588696
19,F,4,1,no,no,yes,yes,no,yes,29,2,7,9.169541172571016
17,F,1,1,yes,yes,no,no,yes,yes,8,20,9,9.4089442534546
17,M,1,0,no,yes,yes,no,yes,no,18,6,17,10.945565244716493
15,M,1,1,no,no,no,no,yes,no,27,13,18,9.158976929459996
18,M,4,0,no,no,yes,yes,yes,no,26,10,7,11.905645903903906
18,F,4,0,no,yes,yes,yes,no,no,22,6,7,15.961847397591782
19,M,4,3,no,yes,yes,no,no,no,6,20,2,11.104798194394023
15,F,4,2,no,no,yes,no,yes,yes,22,9,2,10.021564343705691
17,M,3,3,no,yes,yes,no,yes,yes,1,10,11,9.016057062910434
18,F,3,2,yes,yes,yes,no,no,yes,5,14,16,13.319439503514522
15,M,2,2,yes,no,no,no,no,no,17,18,3,8.51426189219056
21,M,4,2,no,yes,yes,yes,no,yes,5,15,16,17.355227367352263
18,M,3,1,yes,no,yes,yes,yes,yes,12,20,13,17.392151349383436
20,F,1,3,yes,yes,yes,yes,no,no,25,19,18,10.14688088036132
21,F,4,2,no,no,yes,no,yes,no,18,11,8,13.410753112556643
22,M,2,0,yes,yes,no,yes,yes,yes,29,17,20,12.167566422340759
18,M,2,1,no,no,yes,yes,no,yes,1,12,11,12.284574019450243
17,F,2,3,no,no,yes,yes,yes,no,11,4,4,1.4461880865123957
16,F,1,2,no,no,yes,no,no,no,14,3,10,5.006764892603394
21,F,3,0,yes,no,yes,no,yes,no,13,13,19,16.201344548608272
22,M,1,3,yes,yes,no,yes,no,no,5,7,2,0.0
19,F,4,3,yes,yes,yes,no,yes,yes,17,8,20,14.579408062633334
19,M,2,1,yes,no,no,yes,yes,yes,4,18,14,10.496938953357601
17,F,1,3,no,yes,yes,yes,no,no,17,2,13,2.5006451435545856
18,M,1,1,no,yes,no,yes,no,yes,2,4,10,4.0751406177916945
15,F,3,2,yes,yes,no,yes,no,yes,2,20,19,16.249934923413047
18,F,3,1,no,yes,yes,no,no,no,21,17,7,13.994418239194545
17,F,2,0,no,yes,yes,no,yes,yes,21,0,3,4.220309429091018
19,F,1,1,yes,no,no,no,no,yes,9,7,11,7.629155094825223
18,F,1,0,no,no,no,no,no,yes,18,18,7,11.678692076454176
19,M,3,1,yes,no,yes,yes,yes,no,2,16,5,10.085489898412426
21,F,1,3,no,no,no,no,no,no,28,16,14,6.714492942561796
22,F,1,2,yes,yes,no,yes,no,yes,11,10,11,9.138657804400422
15,F,1,0,no,yes,no,no,yes,no,28,1,15,8.141222720444187
21,M,3,1,no,no,yes,no,no,no,15,5,15,13.01827758626375
19,F,2,1,yes,yes,no,no,no,no,16,13,20,15.403122184718448
19,M,4,1,yes,yes,no,yes,no,yes,6,2,19,12.304024787844046
16,F,2,3,yes,no,no,yes,no,yes,12,11,19,8.87824824765601
16,F,4,3,yes,yes,yes,yes,no,no,23,3,3,6.35069472708004
21,M,1,0,no,no,yes,yes,no,yes,1,11,10,5.165370226552714
20,F,2,0,no,no,no,no,yes,yes,3,12,12,11.97740476592315
21,M,4,3,yes,yes,yes,yes,no,yes,9,1,8,5.269432255214435
16,M,3,0,no,yes,no,yes,yes,yes,6,1,3,9.721012283953307
19,F,3,2,yes,no,yes,no,yes,yes,23,14,11,12.2922309063099
17,M,2,2,yes,no,yes,no,yes,no,16,16,8,11.382492594781354
21,F,2,3,no,yes,no,yes,yes,yes,19,6,12,6.021750732893295
19,F,1,0,no,no,yes,no,no,yes,5,13,15,11.672221614465956
17,M,2,1,yes,no,yes,yes,no,yes,18,11,5,7.1901409618408705
17,M,1,2,yes,no,yes,no,no,no,4,16,9,6.393861200889816
16,M,1,3,yes,yes,no,yes,yes,no,9,13,12,11.56931267811197
21,M,3,0,no,no,yes,yes,no,no,8,5,6,11.514339031586445
18,F,3,3,no,yes,yes,yes,no,yes,26,18,18,11.967622908126437
15,F,4,1,no,no,no,yes,no,no,12,5,18,20.0
16,M,3,2,no,yes,yes,yes,yes,no,18,17,16,13.690040129995454
16,F,3,3,yes,no,yes,no,yes,no,20,4,12,8.142304000353713
18,F,2,3,yes,yes,yes,yes,no,no,23,5,12,7.679194743743732
15,F,3,3,yes,yes,yes,yes,yes,yes,5,1,20,6.724092145854999
19,F,4,1,yes,yes,yes,yes,yes,no,3,7,1,7.345346396701802
20,M,2,3,yes,no,no,yes,no,no,23,14,9,10.596329649141381
21,M,4,1,yes,no,no,yes,yes,yes,26,14,12,15.05034267332721
20,F,3,1,no,no,yes,no,yes,yes,2,10,8,12.697340233521743
19,M,4,1,no,yes,yes,no,no,no,2,0,0,5.593063118707309
22,M,2,2,yes,no,yes,yes,yes,yes,3,17,13,11.109880789026317
16,M,1,2,yes,yes,no,no,yes,no,24,11,15,11.870513732153
15,F,4,3,no,no,no,yes,yes,yes,4,11,19,15.275024484596043
16,F,4,3,no,yes,yes,no,yes,yes,7,10,14,11.410304466138005
17,F,2,2,no,yes,yes,no,yes,no,15,7,0,1.733273078394304
16,M,2,0,no,yes,no,yes,yes,yes,21,6,16,11.016249215173593
16,F,4,2,yes,no,yes,no,yes,no,2,20,12,18.283120061474182
19,F,3,1,yes,no,no,no,yes,yes,23,1,14,11.930996617277842
19,M,4,2,yes,no,no,yes,no,no,11,10,15,11.702646735852817
19,F,2,1,yes,yes,yes,yes,no,yes,24,9,15,11.374357113741405
20,F,1,3,yes,yes,no,no,no,yes,7,2,1,0.0
17,M,1,0,no,no,yes,no,no,yes,12,19,16,14.732185539136589
22,M,3,3,yes,no,yes,no,yes,yes,3,9,10,6.992857761717259
22,M,4,1,no,no,yes,yes,no,yes,13,17,7,16.595611223298846
19,F,1,1,yes,yes,yes,no,no,no,13,13,19,11.99732144542795
15,F,4,1,yes,yes,yes,no,yes,yes,12,17,2,13.146873035170817
20,F,2,0,yes,yes,yes,no,yes,no,26,7,11,8.930619551771368
18,M,1,2,yes,yes,no,yes,yes,no,5,9,19,7.831373724658876
15,M,3,3,yes,yes,no,yes,yes,no,16,12,15,16.4150222185338
21,F,2,3,no,no,no,yes,yes,yes,3,20,13,14.300159904853366
21,F,3,2,no,yes,no,yes,no,no,7,7,15,10.960637674234176
15,M,2,3,no,yes,yes,no,yes,yes,16,3,20,11.46600790145388
19,M,1,0,yes,yes,no,yes,no,no,2,3,16,11.72547502852486
18,M,3,3,yes,yes,no,no,no,no,16,4,10,5.449577941901721
18,M,3,1,no,yes,no,no,yes,no,8,0,16,9.45013359719573
20,F,2,2,yes,no,yes,no,no,no,1,16,18,14.337353250702634
18,M,3,0,yes,yes,no,no,no,no,24,1,0,6.820121276225644
21,F,2,2,no,yes,yes,yes,yes,yes,12,7,11,6.695990767322559
17,F,2,0,yes,yes,no,yes,no,no,19,6,14,12.842453087497475
19,F,2,1,no,no,yes,yes,no,no,1,14,17,10.615034148814107
18,M,2,2,yes,no,yes,yes,no,yes,19,4,13,7.630003055704915
20,M,1,3,no,no,no,yes,yes,yes,27,1,0,0.0
21,M,2,0,yes,yes,yes,no,yes,yes,10,6,12,8.188017312949876
17,M,4,2,yes,no,yes,yes,yes,no,26,7,14,11.286470420695188
16,F,3,3,no,yes,no,yes,no,no,25,6,6,6.426574552687976
16,M,4,2,yes,yes,no,yes,yes,no,21,6,14,11.049525982230739
17,M,1,2,yes,no,no,yes,no,no,14,13,19,8.063782784099237
21,F,4,2,no,yes,yes,no,yes,no,10,20,9,15.554498405353895
20,M,3,0,yes,yes,yes,no,no,no,22,17,13,19.28549408888207
17,F,4,3,no,yes,yes,no,yes,yes,2,5,5,8.277700868404025
19,F,1,1,yes,no,no,no,yes,yes,2,3,13,10.203597449187292
19,F,2,0,yes,yes,yes,no,no,no,27,9,11,13.918356787205177
16,F,4,0,yes,yes,yes,yes,yes,no,25,17,10,16.12514357498013
18,F,1,0,yes,no,yes,no,no,no,11,11,19,14.164319638728221
20,F,1,1,no,yes,yes,no,yes,no,23,15,18,12.016738412889685
16,F,3,3,yes,yes,yes,no,yes,no,4,6,1,5.824199562396117
18,F,3,3,no,no,yes,yes,no,yes,19,5,19,10.41637688547286
18,M,4,3,yes,yes,yes,yes,no,yes,6,4,0,3.122606981581466
22,M,2,2,yes,yes,no,no,no,no,6,2,7,7.146811884700508
19,M,1,2,yes,yes,no,yes,yes,yes,12,11,13,8.135591101446739
21,M,4,2,yes,yes,no,yes,no,no,8,14,8,11.072940657381537
15,F,1,1,no,yes,yes,no,yes,no,24,9,1,2.6025473998523534
21,M,1,2,no,no,yes,yes,no,no,20,19,4,4.960158711123032
15,F,2,1,no,no,no,yes,no,yes,12,18,7,8.696505134580567
17,M,2,3,no,no,yes,yes,no,yes,11,15,15,9.044969315512898
19,M,4,2,yes,no,no,no,no,no,12,10,15,14.746042427462413
18,M,2,2,no,yes,yes,no,no,yes,23,7,12,8.02812134037236
20,F,2,0,no,yes,yes,no,no,yes,9,2,19,11.323566127235683
15,M,4,1,yes,yes,no,yes,yes,no,0,6,14,16.89101493759445
21,F,2,3,yes,yes,no,no,no,yes,24,6,0,0.0
18,F,3,0,yes,yes,no,yes,yes,yes,7,13,2,11.31227183031142
15,M,1,0,yes,no,no,yes,no,no,21,1,5,4.014481490364813
15,M,1,3,no,no,no,yes,no,no,15,9,13,3.45963754040704
22,M,1,0,no,yes,yes,no,no,yes,12,18,3,9.328908691575435
15,F,1,1,yes,yes,yes,no,yes,no,2,8,17,9.260503575277692
20,M,4,1,yes,yes,yes,no,yes,yes,2,15,14,19.09414693242779
19,F,1,2,yes,no,no,no,no,no,23,18,8,9.336130484822933
20,F,1,0,no,yes,no,yes,yes,no,4,17,17,17.712261472747972
16,M,1,2,no,yes,no,no,no,no,25,8,2,1.2333641389720151
18,M,1,0,yes,yes,no,yes,no,no,10,15,9,12.89310897949503
19,F,3,1,yes,no,no,no,yes,yes,29,12,16,12.168290463969157
22,F,1,1,no,yes,no,no,yes,no,6,9,6,5.3787270014488415
19,F,3,1,yes,no,yes,no,yes,no,20,19,14,14.869505894731457
19,M,4,0,yes,no,yes,yes,yes,no,23,13,0,13.104890825818819
21,F,2,1,no,no,yes,yes,no,yes,9,11,10,10.956551596487106
19,M,1,0,yes,no,yes,yes,yes,yes,9,18,16,11.998760813544058
22,F,2,2,no,no,yes,yes,yes,no,19,6,4,5.716384347968834
20,F,2,0,yes,no,no,yes,no,no,1,14,6,9.839021834312218
19,M,4,2,yes,yes,no,no,yes,no,2,15,18,15.06640528009661
17,F,2,0,no,yes,no,yes,yes,no,7,7,14,11.676437275715346
18,M,3,2,no,yes,no,yes,yes,no,10,9,2,3.546311677274964
19,M,2,1,yes,no,no,yes,yes,no,12,3,14,10.862612699977543
18,F,2,2,no,yes,no,yes,no,yes,6,18,4,7.88875837911656
17,M,2,1,yes,no,yes,no,no,no,12,18,11,12.23250875640392
17,M,1,1,yes,no,no,yes,yes,no,1,20,19,13.925666745826987
18,F,1,2,no,no,no,no,yes,no,5,14,4,8.093700173383569
15,M,3,0,yes,yes,no,no,no,no,8,13,2,13.73775537765964
16,M,3,0,yes,no,no,no,yes,no,19,0,8,11.901522186798372
21,M,1,3,no,no,yes,yes,yes,no,24,15,8,5.029916711482323
15,F,3,0,no,yes,yes,no,yes,yes,1,9,6,8.868750175020125
15,M,1,3,yes,yes,no,yes,yes,yes,17,18,1,3.268041114232172
20,F,4,0,no,no,yes,yes,yes,yes,15,2,20,17.228800841454365
21,F,2,0,no,no,yes,yes,yes,yes,24,4,15,12.825220607786555
21,M,2,1,no,yes,no,yes,yes,yes,11,8,8,8.722365482200487
15,M,3,3,no,yes,no,yes,yes,yes,6,17,12,9.347011447620828
19,M,1,0,yes,yes,no,no,yes,no,6,10,18,11.12916905931956
20,F,1,3,yes,no,no,no,no,no,16,15,19,8.347726937502157
20,M,3,1,yes,yes,no,yes,no,no,12,1,16,12.278106100811641
17,M,1,1,no,yes,yes,no,no,no,10,11,5,6.927194906479935
22,M,4,3,no,yes,no,yes,yes,no,5,5,3,7.58926377616174
21,M,2,1,no,no,no,no,yes,no,28,10,0,6.102071709344706
15,M,3,2,no,yes,no,no,no,yes,22,7,17,7.781600980462712
17,F,3,2,no,yes,yes,no,yes,no,26,11,18,10.048280643450383
18,F,1,1,no,yes,no,no,no,yes,13,1,8,3.719624737320716
16,M,3,2,no,yes,no,no,yes,yes,5,8,12,10.396155840932787
22,M,4,0,yes,yes,no,yes,no,no,5,14,7,17.507331174305957
22,M,1,3,yes,no,yes,yes,no,no,1,1,12,2.7555902959900638
22,M,1,0,no,no,no,no,no,no,21,0,14,5.648101338280707
20,F,1,3,no,no,no,yes,yes,no,19,9,10,5.524329615554736
18,M,1,1,no,yes,no,no,no,no,24,1,11,5.165496614271515
22,F,4,0,yes,no,yes,yes,yes,no,14,11,13,15.69589042893193
18,F,1,1,yes,no,no,no,yes,no,27,7,3,0.5708011840597815
19,M,3,1,no,no,no,no,yes,yes,16,4,0,5.870374016222465
22,F,4,3,no,yes,no,no,yes,no,28,0,3,5.1576358219589205
16,F,2,3,yes,yes,yes,yes,yes,no,7,14,18,8.9077073917879
18,F,2,3,yes,no,no,yes,yes,yes,4,5,8,5.68871557641255
18,F,3,0,yes,no,no,no,yes,no,16,11,9,14.209593597301966
16,M,3,2,yes,yes,no,no,no,no,19,7,3,6.397825164785952
22,M,4,3,no,yes,yes,yes,no,yes,0,12,19,14.72344571588408
16,F,2,3,yes,no,yes,yes,no,no,21,18,8,9.992075493328496
18,M,2,0,yes,yes,no,yes,yes,no,17,0,12,9.535060737562064
16,M,2,3,no,no,yes,yes,yes,no,14,10,11,5.49548910210328
18,M,2,0,yes,yes,yes,yes,yes,no,4,19,10,13.304703432799704
18,M,2,1,yes,no,yes,no,yes,no,6,0,11,8.01369880387216
19,M,1,3,yes,no,no,yes,no,no,17,7,17,2.33535815133588
15,F,3,3,no,yes,no,no,yes,yes,5,4,11,5.236947902420744
18,M,1,1,yes,no,yes,no,no,no,21,16,15,12.664275332677951
22,M,2,1,no,no,yes,yes,yes,no,20,7,4,8.617755208432225
17,M,4,1,no,no,yes,yes,no,yes,4,9,19,18.842097480536026
